state,nodes,sample,seed,loss_setup_time,complete_optimization_time,bulk_deletion_time,truncated_loss_setup_time,truncated_reoptimization_time,stage1_save_time,stage1_overhead_time,stage1_total_time,complete_restarts,complete_iterations,truncated_restarts,truncated_iterations,edges_initial,edges_deleted_bulk,edges_after_bulk,complete_fidelity,truncated_fidelity,complete_count_rate_loss,truncated_count_rate_loss,completed,error,complete_fidelity_loss,truncated_fidelity_loss,complete_check_passed,truncated_check_passed,truncated_restart_limit_hit,slurm_job_id,slurm_array_task_id,hostname,cpu_model,start_timestamp,end_timestamp
Cluster,8,0,20800,11.65370937413536,11013.868479897967,0.11746956314891577,2.4361104189883918,566.6232810970396,0.009769510012120008,2.3092148108407855,11597.018034672132,2,181,1,48,112,31,81,0.9996652783314829,0.9998956288052061,0.16297024503424207,0.11267024431584527,True,,0.0003347216685171128,0.00010437119479389523,True,True,False,8438291,8,node053.cluster,Intel(R) Xeon(R) Platinum 8360Y CPU @ 2.40GHz,1784133105.4581094,1784144702.4762113
Cluster,8,1,20801,11.277139753103256,23683.879594973987,0.1607758339960128,2.045255931094289,532.1566210810561,0.022445949958637357,2.177780264755711,24231.71961378795,4,393,1,50,112,33,79,0.9998921585351296,0.9995398228660213,0.10181885744161756,0.03862399702611963,True,,0.00010784146487041735,0.00046017713397872306,True,True,False,8438291,8,node053.cluster,Intel(R) Xeon(R) Platinum 8360Y CPU @ 2.40GHz,1784144702.4938424,1784168934.213501
Cluster,8,2,20802,10.540161588927731,15886.792116643861,0.19012426096014678,1.192445153137669,271.20794300106354,0.03537587681785226,2.0612945943139493,16172.019461119082,3,252,1,45,112,39,73,0.9999266992686784,0.9999889459182983,0.04953102153660305,0.04447699399561167,True,,7.330073132161274e-05,1.1054081701655782e-05,True,True,False,8438291,8,node053.cluster,Intel(R) Xeon(R) Platinum 8360Y CPU @ 2.40GHz,1784168934.2501688,1784185106.275746
Cluster,8,3,20803,11.038183895871043,10918.972860274138,0.08226034208200872,2.834487940883264,827.2304718960077,0.02144902292639017,1.6916156192310154,11761.87132899114,3,261,6,419,112,41,71,0.9999588976604202,0.9999956867376814,0.09323515027359153,0.06201565050044766,True,,4.110233957976828e-05,4.313262318644817e-06,True,True,False,8438291,8,node053.cluster,Intel(R) Xeon(R) Platinum 8360Y CPU @ 2.40GHz,1784185106.308165,1784196868.1817982
Cluster,8,4,20804,6.272003691876307,9385.761772903847,0.06117656594142318,0.580922266934067,152.59523048787378,0.0036045489832758904,1.3611962436698377,9546.635906709125,4,250,1,70,112,42,70,0.9999524994023521,0.9999022915971063,0.03837772838080977,0.09338837537885958,True,,4.750059764790926e-05,9.770840289369254e-05,True,True,False,8438291,8,node053.cluster,Intel(R) Xeon(R) Platinum 8360Y CPU @ 2.40GHz,1784196868.1980386,1784206414.8339689
Cluster,8,5,20805,6.9723331339191645,24309.14776665205,0.055133680114522576,1.3262062249705195,225.45159647380933,0.01957315090112388,1.370763944229111,24544.343373259995,8,630,2,92,112,42,70,0.999754273137421,0.9999867403054239,0.1732881462640411,0.10993518373977462,True,,0.0002457268625789544,1.325969457610654e-05,True,True,False,8438291,8,node053.cluster,Intel(R) Xeon(R) Platinum 8360Y CPU @ 2.40GHz,1784206414.8603146,1784230959.2051487
Cluster,8,6,20806,6.26105056097731,11185.515841111075,0.046754278941079974,2.517206066986546,283.5065393499099,0.021450289990752935,1.5816052900627255,11479.450446947943,4,300,2,55,112,32,80,0.9997932326562141,0.9999302012404238,0.16419197267357388,0.029078213487029103,True,,0.00020676734378588524,6.979875957624504e-05,True,True,False,8438291,8,node053.cluster,Intel(R) Xeon(R) Platinum 8360Y CPU @ 2.40GHz,1784230959.2503066,1784242438.7027113
Cluster,8,7,20807,6.37245983001776,22903.22586534894,0.04076790111139417,3.8568834559991956,1566.5410551130772,0.007473982172086835,2.0158445006236434,24482.060350131942,6,636,2,166,112,22,90,0.9998644314340809,0.9999040454316181,0.09192339675087002,0.07850652739934127,True,,0.0001355685659191197,9.595456838185079e-05,True,True,False,8438291,8,node053.cluster,Intel(R) Xeon(R) Platinum 8360Y CPU @ 2.40GHz,1784242438.7437968,1784266920.8069448
Cluster,8,8,20808,6.449207263998687,3937.976166633889,0.053237666143104434,1.169076332822442,455.6970444822218,0.024384347954764962,1.4040110011119395,4402.773127728142,1,110,1,82,112,33,79,0.9994402698473102,0.9998879599242952,0.1281816709768988,0.17418090367727446,True,,0.0005597301526898413,0.00011204007570475571,True,True,False,8438291,8,node053.cluster,Intel(R) Xeon(R) Platinum 8360Y CPU @ 2.40GHz,1784266920.8361661,1784271323.6140974
Cluster,8,9,20809,6.291615523165092,7169.076011694968,0.04698157194070518,2.53857085108757,1217.1066731601022,0.006174240028485656,1.7137030307203531,8396.779730072012,2,190,2,221,112,30,82,0.9996943473774901,0.9999266840677341,0.0627460309287593,0.08011911380879555,True,,0.0003056526225099221,7.331593226589384e-05,True,True,False,8438291,8,node053.cluster,Intel(R) Xeon(R) Platinum 8360Y CPU @ 2.40GHz,1784271323.6544533,1784279720.4375653
Cluster,8,10,20810,6.441396759124473,6807.631516412832,0.06067987601272762,5.811850770143792,2525.9702357251663,0.012165571795776486,2.0652619779575616,9347.993107093032,2,199,3,390,112,26,86,0.9997308900026924,0.9998759228174421,0.18192370954852666,0.12340978879539732,True,,0.00026910999730755947,0.00012407718255791345,True,True,False,8438291,8,node053.cluster,Intel(R) Xeon(R) Platinum 8360Y CPU @ 2.40GHz,1784279720.4758713,1784289068.4719958
Cluster,8,11,20811,6.83858677605167,8097.489837473957,0.04509004903957248,9.371172428131104,3291.2241145281587,0.023471681866794825,2.9133696008939296,11407.905642538099,2,232,5,382,112,23,89,0.9982079884137036,0.9998665015301569,0.15058518522115505,0.08236893510264764,True,,0.0017920115862963826,0.00013349846984311853,True,True,False,8438291,8,node053.cluster,Intel(R) Xeon(R) Platinum 8360Y CPU @ 2.40GHz,1784289068.572571,1784300476.4823337
Cluster,8,12,20812,7.064238413702697,23230.18085343903,0.04309086920693517,0.49580786004662514,127.86088553769514,0.020063254050910473,1.2696411744691432,23366.9345805482,6,632,1,57,112,37,75,0.9999402558380035,0.9998831931118374,0.07731758245800391,0.09513439948014946,True,,5.974416199650001e-05,0.00011680688816262386,True,True,False,8531784,,node022.cluster,Intel(R) Xeon(R) Platinum 8360Y CPU @ 2.40GHz,1785931108.3394125,1785954475.274056
Cluster,8,13,20813,6.259005439002067,9249.801423671655,0.047863390762358904,0.7075513647869229,146.29712193412706,0.022883679252117872,1.297666612546891,9404.433516092133,3,265,1,49,112,38,74,0.999667638446616,0.9999735340544719,0.10280803126103344,0.08423658687216995,True,,0.0003323615533840085,2.6465945528131307e-05,True,True,False,8531784,,node022.cluster,Intel(R) Xeon(R) Platinum 8360Y CPU @ 2.40GHz,1785954475.3472676,1785963879.7826054
Cluster,8,14,20814,6.122465992812067,6934.3473318768665,0.043230072129517794,3.7097548665478826,1403.2465729261748,0.01678341208025813,1.9537117877043784,8349.439850934315,2,192,4,342,112,26,86,0.9998321842690762,0.9997558326598752,0.13593489260644354,0.08462318252040557,True,,0.00016781573092383706,0.00024416734012477903,True,True,False,8531784,,node022.cluster,Intel(R) Xeon(R) Platinum 8360Y CPU @ 2.40GHz,1785963879.8058648,1785972229.2457726
Cluster,8,15,20815,6.276790350675583,3213.4934641444124,0.040728152729570866,4.951400995254517,939.5512999356724,0.006621248088777065,2.0559411770664155,4166.3762460039,1,89,2,71,112,20,92,0.999638746433005,0.9999429501763452,0.12634237278794036,0.06409650746884787,True,,0.0003612535669950123,5.7049823654842235e-05,True,True,False,8531784,,node022.cluster,Intel(R) Xeon(R) Platinum 8360Y CPU @ 2.40GHz,1785972229.3120835,1785976395.6908145
Cluster,8,16,20816,6.225148699712008,14346.006320051383,0.04900524578988552,2.298067375551909,1024.031967092771,0.021651103161275387,1.686754023656249,15380.318913592026,4,390,2,208,112,29,83,0.9998478110347042,0.9998763529309692,0.07114680040038368,0.1306108100822645,True,,0.0001521889652957853,0.0001236470690307856,True,True,False,8531784,,node022.cluster,Intel(R) Xeon(R) Platinum 8360Y CPU @ 2.40GHz,1785976395.6933334,1785991776.0187538
Cluster,8,17,20817,6.251429385971278,30913.838203931227,0.041490184143185616,4.203212246764451,1748.612160436809,0.01867341762408614,2.1091771847568452,32675.074346787296,12,843,2,169,112,23,89,0.9996413550538605,0.9998296574867275,0.11338305082584332,0.15411585903391034,True,,0.00035864494613946363,0.00017034251327252559,True,True,False,8531784,,node022.cluster,Intel(R) Xeon(R) Platinum 8360Y CPU @ 2.40GHz,1785991776.0481591,1786024451.1256146
Cluster,8,18,20818,6.136469138786197,7274.106615819037,0.11756544094532728,1.0417643543332815,275.645084079355,0.005160852801054716,1.5225881678052247,7558.575247853063,2,206,1,60,112,37,75,0.999855840521552,0.9999481309331674,0.17044155636935954,0.18672427016508086,True,,0.000144159478448036,5.1869066832632704e-05,True,True,False,8531784,,node022.cluster,Intel(R) Xeon(R) Platinum 8360Y CPU @ 2.40GHz,1786024451.2107213,1786032009.7909136
Cluster,8,19,20819,7.31588730821386,3568.3414144329727,0.062279251869767904,1.6259716399945319,226.8819986768067,0.01972415531054139,1.4388517695479095,3805.686127234716,1,93,2,68,112,38,74,0.9999047279590014,0.9998755272141794,0.07953531866938546,0.13849064448202641,True,,9.5272040998573e-05,0.00012447278582061738,True,True,False,8531784,,node022.cluster,Intel(R) Xeon(R) Platinum 8360Y CPU @ 2.40GHz,1786032009.8217702,1786035815.510995
Cluster,8,20,20820,6.540184314828366,12477.648996571079,0.06537793204188347,2.8524129376746714,1156.4691456714645,0.02726790029555559,1.645570907741785,13645.248956235126,3,332,5,502,112,38,74,0.9999312055215651,0.9999895160389881,0.10244274825944655,0.06396407526982939,True,,6.879447843488595e-05,1.0483961011886755e-05,True,True,False,8531784,,node022.cluster,Intel(R) Xeon(R) Platinum 8360Y CPU @ 2.40GHz,1786035815.5439725,1786049460.7958624
Cluster,8,21,20821,6.327924904879183,14907.47871164186,0.04136614687740803,3.1340806069783866,979.4367388691753,0.014862427953630686,1.8049792582169175,15898.23866385594,5,436,2,143,112,26,86,0.99967881449651,0.999817257744192,0.11980822969563742,0.13552269728758337,True,,0.00032118550349002906,0.00018274225580805492,True,True,False,8531784,,node022.cluster,Intel(R) Xeon(R) Platinum 8360Y CPU @ 2.40GHz,1786049460.8753498,1786065359.1140435
Cluster,8,22,20822,6.274185019079596,6639.132891923189,0.044797129929065704,5.534010038245469,2109.235712436028,0.0063137393444776535,2.0334613691084087,8762.261371654924,2,192,5,455,112,26,86,0.9997566663415444,0.9998493048570607,0.11849648069400931,0.035432781568438876,True,,0.0002433336584556356,0.00015069514293930553,True,True,False,8531784,,node022.cluster,Intel(R) Xeon(R) Platinum 8360Y CPU @ 2.40GHz,1786065359.1840527,1786074121.4490688
Cluster,8,23,20823,6.074433668982238,15135.322303973138,0.05355957197025418,2.6341351410374045,1104.1034708805382,0.024679877795279026,1.6249016202054918,16249.837484733667,4,422,3,323,112,35,77,0.9998348899536721,0.9998909386600016,0.19068788828024474,0.14239439413609556,True,,0.00016511004632790982,0.0001090613399984397,True,True,False,8531784,,node022.cluster,Intel(R) Xeon(R) Platinum 8360Y CPU @ 2.40GHz,1786074121.4831135,1786090371.3236692
Cluster,8,24,20824,6.268980196677148,2396.5566599979065,0.0469168690033257,3.264403914101422,1515.5256308554672,0.006403693929314613,1.8676489419303834,3923.5366444690153,1,65,2,210,112,27,85,0.9998621039084973,0.9999318399617444,0.04636504578735501,0.13071036718237028,True,,0.00013789609150272053,6.816003825560468e-05,True,True,False,8531784,,node022.cluster,Intel(R) Xeon(R) Platinum 8360Y CPU @ 2.40GHz,1786090371.4094772,1786094294.9487321
Cluster,8,25,20825,6.284654007758945,2655.9853960280307,0.05223949905484915,1.164125413633883,164.05291585577652,0.028112605214118958,1.34164113458246,2828.9090845440514,1,71,2,63,112,31,81,0.9998528516363882,0.9999575693610107,0.13513889696645254,0.05832022275323345,True,,0.0001471483636118487,4.243063898934363e-05,True,True,False,8531784,,node022.cluster,Intel(R) Xeon(R) Platinum 8360Y CPU @ 2.40GHz,1786094294.9785478,1786097123.8922262
Cluster,8,26,20826,6.19091692334041,3528.0317119420506,0.05024064518511295,1.791862741112709,676.2289093155414,0.00358267268165946,1.5336841428652406,4213.830908382777,1,104,2,181,112,33,79,0.9998341612634505,0.999932544493106,0.16985860708399758,0.08521904560798066,True,,0.0001658387365495173,6.74555068940208e-05,True,True,False,8531784,,node022.cluster,Intel(R) Xeon(R) Platinum 8360Y CPU @ 2.40GHz,1786097123.894934,1786101337.7273006
Cluster,8,27,20827,6.203993656206876,6987.361625356134,0.04991993913426995,1.6558062857948244,838.0543220643885,0.0041668601334095,1.4392847600392997,7834.769118921831,2,192,2,228,112,31,81,0.9999192668372836,0.9999630433746977,0.09433898847815081,0.07475225466845237,True,,8.073316271639541e-05,3.695662530234234e-05,True,True,False,8531784,,node022.cluster,Intel(R) Xeon(R) Platinum 8360Y CPU @ 2.40GHz,1786101337.7558951,1786109172.527455
Cluster,8,28,20828,6.369968452025205,3693.071298110299,0.04441363038495183,5.457724466919899,1797.7667457810603,0.04188390867784619,2.1644045668654144,5504.916438916232,3,97,3,220,112,25,87,0.9997265898891681,0.9999726970938209,0.1689164168505497,0.07816644567940267,True,,0.0002734101108319287,2.7302906179138553e-05,True,True,False,8531784,,node022.cluster,Intel(R) Xeon(R) Platinum 8360Y CPU @ 2.40GHz,1786109172.5692406,1786114677.4886928
Cluster,8,29,20829,6.353239323943853,3259.5833653220907,0.04443351598456502,5.520349563565105,2608.2244325880893,0.008432133123278618,2.371491483412683,5882.105743930209,1,94,3,321,112,25,87,0.9997945475869393,0.9999078867441223,0.05738703204441842,0.19201712079729805,True,,0.00020545241306069162,9.211325587765717e-05,True,True,False,8531784,,node022.cluster,Intel(R) Xeon(R) Platinum 8360Y CPU @ 2.40GHz,1786114677.657525,1786120559.7679317
Cluster,8,30,20830,6.304013589397073,6766.56986952899,0.05681914230808616,0.6437927410006523,63.095035513397306,0.008762307930737734,1.271284382790327,6837.949577205814,2,186,2,48,112,42,70,0.999849892825325,0.9999806482692257,0.034798359900568676,0.19176745831880992,True,,0.00015010717467500712,1.935173077427521e-05,True,True,False,8531784,,node022.cluster,Intel(R) Xeon(R) Platinum 8360Y CPU @ 2.40GHz,1786120559.8139071,1786127397.768159
Cluster,8,31,20831,6.153287671972066,2511.8230304010212,0.05169870890676975,1.1515431040897965,269.55931709567085,0.0041479989886283875,1.439385725185275,2790.1824107058346,2,63,1,48,112,31,81,0.9998766277502892,0.9999788368473085,0.04887915535484244,0.07462026249157361,True,,0.00012337224971081806,2.1163152691516807e-05,True,True,False,8531784,,node022.cluster,Intel(R) Xeon(R) Platinum 8360Y CPU @ 2.40GHz,1786127397.7888553,1786130187.972527
Cluster,8,32,20832,6.648291902150959,22230.859909794293,0.05695702787488699,4.312224902678281,911.5544987958856,0.024888278916478157,2.0242389403283596,23155.481009642128,6,578,6,329,112,40,72,0.9997022705474652,0.9998963460332949,0.075056609141394,0.11345396495378801,True,,0.00029772945253481176,0.0001036539667050862,True,True,False,8531784,,node022.cluster,Intel(R) Xeon(R) Platinum 8360Y CPU @ 2.40GHz,1786130187.988543,1786153343.4733324
Cluster,8,33,20833,6.157564691733569,2613.223061383702,0.05462336307391524,0.774142982903868,205.8490357948467,0.018814973067492247,1.3182381088845432,2827.395481298212,1,67,1,69,112,40,72,0.9999355183777843,0.9998713066062799,0.05230923128171161,0.18350939062105842,True,,6.448162221572851e-05,0.00012869339372012512,True,True,False,8531784,,node022.cluster,Intel(R) Xeon(R) Platinum 8360Y CPU @ 2.40GHz,1786153343.5425627,1786156170.940101
Cluster,8,34,20834,6.111717262305319,7552.6999468887225,0.046536078210920095,6.746671049389988,2557.9639616189525,0.034260544925928116,2.460532528348267,10126.063625970855,2,221,5,449,112,27,85,0.999575889801142,0.9999061984374062,0.1568771586864276,0.11995643843998582,True,,0.0004241101988580187,9.380156259375383e-05,True,True,False,8531784,,node022.cluster,Intel(R) Xeon(R) Platinum 8360Y CPU @ 2.40GHz,1786156170.9425259,1786166297.0092235
Cluster,8,35,20835,6.290432353969663,2862.660664419178,0.05183797609061003,0.9201176920905709,233.03245868626982,0.013038225006312132,1.3391380170360208,3104.307687369641,1,79,1,52,112,29,83,0.9998213256072322,0.9999426157966741,0.07634555712498681,0.04685670742326964,True,,0.00017867439276775254,5.7384203325905325e-05,True,True,False,8531784,,node022.cluster,Intel(R) Xeon(R) Platinum 8360Y CPU @ 2.40GHz,1786166297.0980601,1786169401.4094656
Cluster,8,36,20836,6.241641274187714,2375.9304133383557,0.0554501642473042,0.5416435031220317,132.55182673037052,0.00314328633248806,1.2613842920400202,2516.585502588656,1,59,1,61,112,42,70,0.999948032658325,0.9999629481792679,0.035465033338028085,0.16495624304909706,True,,5.196734167500772e-05,3.705182073210356e-05,True,True,False,8531784,,node022.cluster,Intel(R) Xeon(R) Platinum 8360Y CPU @ 2.40GHz,1786169401.4131598,1786171918.0012128
Cluster,8,37,20837,6.215022230055183,13215.38000649307,0.049696729984134436,2.564748637843877,409.0168105503544,0.00661772396415472,1.5724675003439188,13634.805369865615,4,393,2,71,112,32,80,0.9995655838543183,0.9998542128201908,0.16023927708629604,0.1132807547070055,True,,0.0004344161456817375,0.00014578717980917588,True,True,False,8531784,,node022.cluster,Intel(R) Xeon(R) Platinum 8360Y CPU @ 2.40GHz,1786171918.0037377,1786185552.8110178
Cluster,8,38,20838,6.255589227657765,2516.0619941479526,0.051159607246518135,6.42699006292969,2629.134919113014,0.022656075656414032,2.4863804788328707,5160.43968871329,1,67,5,537,112,33,79,0.9998514760040935,0.9998475923569027,0.07327290678877096,0.17177369423278088,True,,0.0001485239959064799,0.0001524076430973187,True,True,False,8531784,,node022.cluster,Intel(R) Xeon(R) Platinum 8360Y CPU @ 2.40GHz,1786185552.8395848,1786190713.2828414
Cluster,8,39,20839,6.244530908297747,13117.980776948854,0.050553823821246624,3.8908084123395383,1300.9335457892157,0.022854427807033062,1.9783829799853265,14431.101453290321,4,371,3,238,112,32,80,0.9998283061942004,0.9998913697911997,0.07326218866767475,0.18066888470175912,True,,0.000171693805799622,0.00010863020880025331,True,True,False,8531784,,node022.cluster,Intel(R) Xeon(R) Platinum 8360Y CPU @ 2.40GHz,1786190713.3393137,1786205144.4443235
Cluster,8,40,20840,6.25940104899928,7075.641246316023,0.05518561089411378,7.15578508656472,2835.5523046650924,0.005344081204384565,2.6033734288066626,9927.272640237585,2,198,7,729,112,36,76,0.999796801512979,0.9997789795553341,0.08080071468750527,0.1574159821800064,True,,0.00020319848702099463,0.0002210204446658759,True,True,False,8531784,,node022.cluster,Intel(R) Xeon(R) Platinum 8360Y CPU @ 2.40GHz,1786205144.498214,1786215071.774019
Cluster,8,41,20841,6.225563901942223,3231.377251486294,0.052815171889960766,3.3516265409998596,1248.5699019427411,0.010162346996366978,1.7454461832530797,4491.332767574117,1,87,6,538,112,35,77,0.9998128637329786,0.9999194755242655,0.0957240315279747,0.10626239313657326,True,,0.00018713626702138164,8.052447573447807e-05,True,True,False,8531784,,node022.cluster,Intel(R) Xeon(R) Platinum 8360Y CPU @ 2.40GHz,1786215071.7790132,1786219563.1147885
Cluster,8,42,20842,6.1557697439566255,5812.2289748382755,0.042025066912174225,2.073683836031705,686.0361297470517,0.007640446070581675,1.5818560495972633,6508.126079727896,2,167,1,67,112,23,89,0.9999175544233586,0.9999675901693029,0.04627416125852346,0.09606556358134355,True,,8.244557664138785e-05,3.24098306970777e-05,True,True,False,8531784,,node022.cluster,Intel(R) Xeon(R) Platinum 8360Y CPU @ 2.40GHz,1786219563.1199627,1786226071.2478333
Cluster,8,43,20843,6.26861911918968,3159.197877990082,0.0511792479082942,0.7566889617592096,208.1615291070193,0.020921706221997738,1.315320618916303,3375.7721367510967,1,83,1,58,112,31,81,0.9995990157310265,0.9999009955718602,0.17371311990556138,0.09284514150642897,True,,0.00040098426897350326,9.900442813981503e-05,True,True,False,8531784,,node022.cluster,Intel(R) Xeon(R) Platinum 8360Y CPU @ 2.40GHz,1786226071.284348,1786229447.0620081
Cluster,8,44,20844,6.235651383642107,3621.9517353861593,0.051308336202055216,1.9641112717799842,779.5260452190414,0.006181089207530022,1.5528177293017507,4411.287850415334,1,106,2,206,112,35,77,0.9996171395156644,0.9998941305328061,0.14698176803910767,0.18986246701013088,True,,0.00038286048433555653,0.00010586946719393087,True,True,False,8531784,,node022.cluster,Intel(R) Xeon(R) Platinum 8360Y CPU @ 2.40GHz,1786229447.0685086,1786233858.3585405
Cluster,8,45,20845,6.124456496909261,2271.899983851239,0.05073268571868539,2.4770055315457284,1113.6915848916396,0.03499161126092076,1.6691112658008933,3395.947866334114,1,61,2,222,112,32,80,0.999902466490815,0.9999579853210747,0.03552604902682488,0.033738838009886196,True,,9.753350918495496e-05,4.201467892528399e-05,True,True,False,8531784,,node022.cluster,Intel(R) Xeon(R) Platinum 8360Y CPU @ 2.40GHz,1786233858.3639188,1786237254.3149328
Cluster,8,46,20846,6.12608344713226,18296.63505426701,0.043488302268087864,1.4403615947812796,546.4536758419126,0.007244763895869255,1.4433540641330183,18852.149262281135,6,514,1,95,112,28,84,0.9997339355092255,0.9997985207661543,0.05550863035011466,0.09211967933069498,True,,0.0002660644907744869,0.00020147923384572497,True,True,False,8531784,,node022.cluster,Intel(R) Xeon(R) Platinum 8360Y CPU @ 2.40GHz,1786237254.3204474,1786256106.4729211
Cluster,8,47,20847,6.224873670376837,5901.3035423839465,0.05396733898669481,1.5360972774215043,409.5940568316728,0.01928609609603882,1.4853210034780204,6320.217144601978,3,156,2,129,112,37,75,0.9999343750129381,0.999905699803735,0.03927390944342046,0.13946782394699364,True,,6.562498706186304e-05,9.430019626499586e-05,True,True,False,8531784,,node022.cluster,Intel(R) Xeon(R) Platinum 8360Y CPU @ 2.40GHz,1786256106.5370357,1786262426.7584383
Cluster,8,48,20848,6.171869620215148,6501.696884046309,0.053659467957913876,2.0968620157800615,738.5096585992724,0.007041541859507561,1.586755686905235,7250.122730978299,3,171,2,168,112,34,78,0.9998842364759031,0.9999473904736672,0.034666522515306886,0.017961099108471212,True,,0.00011576352409692348,5.260952633279192e-05,True,True,False,8531784,,node022.cluster,Intel(R) Xeon(R) Platinum 8360Y CPU @ 2.40GHz,1786262426.7656233,1786269676.8907013
Cluster,8,49,20849,6.158987815026194,10075.931102602277,0.049503148067742586,3.2397789638489485,1473.2431754935533,0.02703011967241764,1.7485555857419968,11560.398133728188,3,293,3,329,112,32,80,0.9997217301052557,0.9999276126933514,0.16963456602976856,0.1391321704198566,True,,0.00027826989474433184,7.238730664860249e-05,True,True,False,8531784,,node022.cluster,Intel(R) Xeon(R) Platinum 8360Y CPU @ 2.40GHz,1786269676.923413,1786281237.3252268
